uuid,timestamp,tpms_id,sensor_model,car_model,location,latitude,longitude
ef1fd44e-cbfe-4221-a523-cfe39fe4e2fe,2023-06-15T06:55:16.394927,TPMS_NEW_200_NODE,Test Sensor Model,Test Car Model,Downtown Boston,42.362031290539846,-71.05547857089817
7e2cc3e3-6fa1-43cc-ae83-6033dd910a4e,2023-06-15T06:42:49.582152,TPMS_NEW_200_NODE,Test Sensor Model,Test Car Model,Downtown Boston,42.35501671287452,-71.06703695550345
789ff5f5-d0c8-442d-8e49-f76fe4715043,2023-06-15T06:16:42.629124,TPMS_NEW_200_NODE,Test Sensor Model,Test Car Model,Downtown Boston,42.35943436273105,-71.05126023738191
f17e2ee0-7f3b-4056-9e8c-e65e7be9c226,2023-06-15T06:47:27.519647,TPMS_NEW_200_NODE,Test Sensor Model,Test Car Model,Downtown Boston,42.35653928903893,-71.0632080299374
3d8fb328-adc5-49f7-a963-8789b3f2a7ea,2023-06-15T06:48:28.902965,TPMS_NEW_200_NODE,Test Sensor Model,Test Car Model,Downtown Boston,42.354878068234555,-71.06889288438055
40599db2-dfa5-446e-98fe-4df71820493b,2023-06-15T06:41:04.993523,TPMS_NEW_200_NODE,Test Sensor Model,Test Car Model,Downtown Boston,42.35738616022826,-71.06256727214469
0a1f5f3d-cf6a-4b6e-a69a-e46d956aef59,2023-06-15T06:12:59.081300,TPMS_NEW_200_NODE,Test Sensor Model,Test Car Model,Downtown Boston,42.36128736832056,-71.0530115525763
bba96675-0861-4b77-ba17-6ba3d2ca3c58,2023-06-15T06:14:20.299266,TPMS_NEW_200_NODE,Test Sensor Model,Test Car Model,Downtown Boston,42.365419094392294,-71.05944868041531
b9c8a9c1-cb7a-49af-bc00-dd8d9dbc6067,2023-06-15T06:45:58.345687,TPMS_NEW_200_NODE,Test Sensor Model,Test Car Model,Downtown Boston,42.36675055492557,-71.05036150961529
140dc7c4-e04a-4599-af25-56603f2528fd,2023-06-15T06:29:30.681257,TPMS_NEW_200_NODE,Test Sensor Model,Test Car Model,Downtown Boston,42.35336365657628,-71.05227894307647
c5c01bba-adcb-426a-917e-f7dcd1a3ccd8,2023-06-15T06:41:20.835818,TPMS_NEW_200_NODE,Test Sensor Model,Test Car Model,Downtown Boston,42.36857433967514,-71.0636920918193
70c6e56c-0c0b-475b-906e-b3b2588f6d63,2023-06-15T06:07:04.673909,TPMS_NEW_200_NODE,Test Sensor Model,Test Car Model,Downtown Boston,42.36270087684233,-71.04949545499998
c4f708ad-2758-4a05-9179-27ff1da2da3a,2023-06-15T06:00:15.453741,TPMS_NEW_200_NODE,Test Sensor Model,Test Car Model,Downtown Boston,42.36551470024149,-71.05181096427981
5d11c328-c3ec-47e5-bd92-5a27031a7f33,2023-06-15T06:28:39.481001,TPMS_NEW_200_NODE,Test Sensor Model,Test Car Model,Downtown Boston,42.35865378757407,-71.06037234662026
f3d6a68b-7f64-4f19-b4a3-fb06ae25b2e7,2023-06-15T06:57:10.797142,TPMS_NEW_200_NODE,Test Sensor Model,Test Car Model,Downtown Boston,42.367763110864935,-71.05016112047964
ac078c4a-8384-423f-817c-8cea883c4f30,2023-06-15T06:10:09.731706,TPMS_NEW_200_NODE,Test Sensor Model,Test Car Model,Downtown Boston,42.368075239599875,-71.06674170916105
3ff7f119-80b7-4dd6-9578-469925fd0197,2023-06-15T06:16:34.948961,TPMS_NEW_200_NODE,Test Sensor Model,Test Car Model,Downtown Boston,42.35066998927258,-71.05743800236858
889f1951-7104-46dc-886b-54ba2b7422b8,2023-06-15T06:53:40.551859,TPMS_NEW_200_NODE,Test Sensor Model,Test Car Model,Downtown Boston,42.356323966088695,-71.06132769126556
dc579a1c-19c7-41f6-88f8-9430c6d99adc,2023-06-15T06:04:11.522244,TPMS_NEW_200_NODE,Test Sensor Model,Test Car Model,Downtown Boston,42.35394702266511,-71.06047555953992
12ffc11d-c224-4a87-9482-8aac9851d1c8,2023-06-15T06:32:06.842279,TPMS_NEW_200_NODE,Test Sensor Model,Test Car Model,Downtown Boston,42.35260534861024,-71.0681546183067
1c3a3dd3-2721-422f-b961-ec2db23749b8,2023-06-15T06:16:11.776888,TPMS_NEW_200_NODE,Test Sensor Model,Test Car Model,Downtown Boston,42.36271452648789,-71.0564665447621
8635c923-f939-422d-95ad-1ca2baf9669e,2023-06-15T06:57:03.137766,TPMS_NEW_200_NODE,Test Sensor Model,Test Car Model,Downtown Boston,42.35419086252129,-71.05818747026159
bfb36cb9-ea61-4e5c-9cac-bc4ac118046a,2023-06-15T06:44:05.958111,TPMS_NEW_200_NODE,Test Sensor Model,Test Car Model,Downtown Boston,42.35091980875039,-71.0581808803696
52117cc7-0636-481c-bb7e-4eda6ccc13b9,2023-06-15T06:26:50.458060,TPMS_NEW_200_NODE,Test Sensor Model,Test Car Model,Downtown Boston,42.36615773357984,-71.06668551592261
8c152588-153c-400a-894d-5f62cbd5bf19,2023-06-15T06:03:40.028880,TPMS_NEW_200_NODE,Test Sensor Model,Test Car Model,Downtown Boston,42.36126347164919,-71.06113727184324
8b7c4be0-b442-4415-bb54-4e33ffb97252,2023-06-15T06:40:26.858083,TPMS_NEW_200_NODE,Test Sensor Model,Test Car Model,Downtown Boston,42.368114150111694,-71.06382631919922
bb5cc9fa-55e5-4d07-acb2-d582077f07ae,2023-06-15T06:35:41.171261,TPMS_NEW_200_NODE,Test Sensor Model,Test Car Model,Downtown Boston,42.36916700393259,-71.05100780228014
e10aaffc-2ca2-47b5-808c-30d9ea0b033b,2023-06-15T06:14:36.961412,TPMS_NEW_200_NODE,Test Sensor Model,Test Car Model,Downtown Boston,42.35471645332939,-71.06241406822618
256a387f-0202-492c-8b66-6c30d103236f,2023-06-15T06:02:57.978012,TPMS_NEW_200_NODE,Test Sensor Model,Test Car Model,Downtown Boston,42.36501673902382,-71.04905129946232
4225d445-9168-44ff-8ff7-14c031ca5536,2023-06-15T06:03:02.932651,TPMS_NEW_200_NODE,Test Sensor Model,Test Car Model,Downtown Boston,42.35460577321396,-71.04903538586301
defd9d0c-2fc0-403f-bb32-99525653e691,2023-06-15T06:28:28.791278,TPMS_NEW_200_NODE,Test Sensor Model,Test Car Model,Downtown Boston,42.35532636610716,-71.06238124991296
58422826-d6d9-412d-9ee4-9320ee85f6f8,2023-06-15T06:35:09.399030,TPMS_NEW_200_NODE,Test Sensor Model,Test Car Model,Downtown Boston,42.353409756082215,-71.05485279140656
19a236c0-e319-4d2c-8196-a789075000b5,2023-06-15T06:15:09.119517,TPMS_NEW_200_NODE,Test Sensor Model,Test Car Model,Downtown Boston,42.35734460674086,-71.05372614242617
60754153-67b7-4070-9e10-7035d70cc3dc,2023-06-15T06:50:59.141778,TPMS_NEW_200_NODE,Test Sensor Model,Test Car Model,Downtown Boston,42.356952267258464,-71.06731910214798
472a9abe-9b9c-45d2-aa0c-cc36cfcbf67f,2023-06-15T06:11:25.463162,TPMS_NEW_200_NODE,Test Sensor Model,Test Car Model,Downtown Boston,42.35856704530019,-71.05863961540405
07add662-50c4-4484-bebe-1e027e855cb0,2023-06-15T06:30:56.712140,TPMS_NEW_200_NODE,Test Sensor Model,Test Car Model,Downtown Boston,42.35592004097412,-71.0637924270868
34f41b29-0438-43ba-9bb3-9267b62817b6,2023-06-15T06:06:38.386015,TPMS_NEW_200_NODE,Test Sensor Model,Test Car Model,Downtown Boston,42.3642099586772,-71.06623158314659
81cc85ff-bb0f-42da-8d74-f7d8a0d16d1e,2023-06-15T06:04:59.570550,TPMS_NEW_200_NODE,Test Sensor Model,Test Car Model,Downtown Boston,42.350700269065165,-71.05767161023131
7f6f98f0-53a0-4337-9754-cb1008e3c6e4,2023-06-15T06:33:01.192821,TPMS_NEW_200_NODE,Test Sensor Model,Test Car Model,Downtown Boston,42.36247883122566,-71.06213481392864
2ac760f5-fc37-47c0-8130-fa27bd3e67ec,2023-06-15T06:06:45.441469,TPMS_NEW_200_NODE,Test Sensor Model,Test Car Model,Downtown Boston,42.359673759557374,-71.05309570160846
6ffe8a97-7c36-4a8c-ba86-ad8d9a77da3d,2023-06-15T06:28:06.649653,TPMS_NEW_200_NODE,Test Sensor Model,Test Car Model,Downtown Boston,42.352683953613244,-71.0639448286552
27eb324c-3313-4cd5-816d-7f3d596c8966,2023-06-15T06:01:49.761151,TPMS_NEW_200_NODE,Test Sensor Model,Test Car Model,Downtown Boston,42.358668276275,-71.05525073945029
3a280e49-0237-4905-af8e-db94d7beb641,2023-06-15T06:37:35.894564,TPMS_NEW_200_NODE,Test Sensor Model,Test Car Model,Downtown Boston,42.35076930709575,-71.0548539911912
be0d80aa-9156-465f-bc02-edcbc9f634f4,2023-06-15T06:46:48.028489,TPMS_NEW_200_NODE,Test Sensor Model,Test Car Model,Downtown Boston,42.35172942084958,-71.05930909340313
37f33811-883f-400b-992f-cb309b2eb9e6,2023-06-15T06:33:38.099569,TPMS_NEW_200_NODE,Test Sensor Model,Test Car Model,Downtown Boston,42.36785248788731,-71.06245838341039
4c87170a-a96f-4bef-92fd-22adbb6713f2,2023-06-15T06:47:00.171987,TPMS_NEW_200_NODE,Test Sensor Model,Test Car Model,Downtown Boston,42.36435885665378,-71.0571928468707
188e6850-95ae-4bc2-8c24-987d6d50a3a9,2023-06-15T06:30:40.888164,TPMS_NEW_200_NODE,Test Sensor Model,Test Car Model,Downtown Boston,42.35934267441734,-71.0608708933995
6846c0e5-bc43-4e22-8f0e-45533429edc1,2023-06-15T06:08:42.331133,TPMS_NEW_200_NODE,Test Sensor Model,Test Car Model,Downtown Boston,42.35370367815563,-71.05811000869757
85487f34-e23b-49f1-92a8-315fe3cc21ab,2023-06-15T06:10:14.207115,TPMS_NEW_200_NODE,Test Sensor Model,Test Car Model,Downtown Boston,42.36683372594055,-71.0637211635545
b06c7f1e-1d05-44e2-8c75-1518c98d4c1f,2023-06-15T06:42:08.867899,TPMS_NEW_200_NODE,Test Sensor Model,Test Car Model,Downtown Boston,42.355096617679266,-71.06164195408492
813b282e-a2c5-470f-af25-ee7c9e4bfadf,2023-06-15T06:05:19.278769,TPMS_NEW_200_NODE,Test Sensor Model,Test Car Model,Downtown Boston,42.36310483163526,-71.05552136311034
74572a14-f886-4c11-9eb4-ae22a5e679dd,2023-06-15T06:19:38.172094,TPMS_NEW_200_NODE,Test Sensor Model,Test Car Model,Downtown Boston,42.36525392401737,-71.0599138864789
4a622ee7-e5cd-4f8e-bb1f-dbeccc185fa0,2023-06-15T06:56:50.919605,TPMS_NEW_200_NODE,Test Sensor Model,Test Car Model,Downtown Boston,42.35484347778606,-71.05155475494666
9a5c6943-ec00-4aaf-9fce-1a55e693d9e2,2023-06-15T06:08:44.727054,TPMS_NEW_200_NODE,Test Sensor Model,Test Car Model,Downtown Boston,42.35720017015101,-71.05932500608624
d726c6e8-7cbd-4aef-a244-7f84af03ec89,2023-06-15T06:51:57.416997,TPMS_NEW_200_NODE,Test Sensor Model,Test Car Model,Downtown Boston,42.35455709225026,-71.0622073384864
9d935b01-549f-4b4f-929e-3958fda60f0b,2023-06-15T06:49:48.413940,TPMS_NEW_200_NODE,Test Sensor Model,Test Car Model,Downtown Boston,42.361729373150354,-71.05340361776067
eea13ae6-9b6f-4f33-b8c5-36105cbb157a,2023-06-15T06:46:06.585830,TPMS_NEW_200_NODE,Test Sensor Model,Test Car Model,Downtown Boston,42.35333583163784,-71.05283110457398
7a00a7e2-3c4c-48b1-8862-e172aa1b38e4,2023-06-15T06:43:27.390730,TPMS_NEW_200_NODE,Test Sensor Model,Test Car Model,Downtown Boston,42.35834924283081,-71.05333878057853
8aa516e4-1cc0-41f2-83fe-600da4124efb,2023-06-15T06:42:17.402159,TPMS_NEW_200_NODE,Test Sensor Model,Test Car Model,Downtown Boston,42.357488974785674,-71.05163465760991
d3505860-0ff1-49cf-9a6a-8cf39840ab9a,2023-06-15T06:00:55.051516,TPMS_NEW_200_NODE,Test Sensor Model,Test Car Model,Downtown Boston,42.35804507301293,-71.05484125332049
1a2142b1-1190-43bf-af11-532dc07a7b4b,2023-06-15T06:26:40.524928,TPMS_NEW_200_NODE,Test Sensor Model,Test Car Model,Downtown Boston,42.36458194182903,-71.06496419156858
86c3a22f-3a0f-478d-a0f1-f3297b81c094,2023-06-15T06:27:15.914502,TPMS_NEW_200_NODE,Test Sensor Model,Test Car Model,Downtown Boston,42.36599373572333,-71.05466632858712
0526e40a-784f-4cac-a53c-0798bec11bca,2023-06-15T06:07:20.856774,TPMS_NEW_200_NODE,Test Sensor Model,Test Car Model,Downtown Boston,42.36070955090753,-71.0491716766565
00d1f43b-d434-43ac-909a-9723f786ce81,2023-06-15T06:30:19.777508,TPMS_NEW_200_NODE,Test Sensor Model,Test Car Model,Downtown Boston,42.36909455157569,-71.05636583306725
1106a099-58a7-49b1-9924-47ad812bc9a6,2023-06-15T06:29:36.001982,TPMS_NEW_200_NODE,Test Sensor Model,Test Car Model,Downtown Boston,42.35281593128213,-71.0537531725894
53b44d6c-e949-44ea-adc6-342d16762132,2023-06-15T06:20:58.778720,TPMS_NEW_200_NODE,Test Sensor Model,Test Car Model,Downtown Boston,42.36248488519415,-71.067448609303
169c088b-2cbc-46ee-863a-7914e040fc61,2023-06-15T06:35:50.544427,TPMS_NEW_200_NODE,Test Sensor Model,Test Car Model,Downtown Boston,42.369847087387086,-71.05286135142012
13d3690b-1bb2-4364-9d2e-479f80eb14eb,2023-06-15T06:14:52.013106,TPMS_NEW_200_NODE,Test Sensor Model,Test Car Model,Downtown Boston,42.360171524988566,-71.05848490113473
a6ece291-1be8-4931-83f4-9b0ff12f0eb1,2023-06-15T06:28:13.484418,TPMS_NEW_200_NODE,Test Sensor Model,Test Car Model,Downtown Boston,42.36240956031515,-71.05254028770692
bc6e5889-79fd-4145-a37f-3a4c9943f1ad,2023-06-15T06:06:22.951162,TPMS_NEW_200_NODE,Test Sensor Model,Test Car Model,Downtown Boston,42.35313645143572,-71.05511158981294
396f7094-b1ef-4146-90c4-debcab0365f0,2023-06-15T06:42:03.179048,TPMS_NEW_200_NODE,Test Sensor Model,Test Car Model,Downtown Boston,42.355516925246135,-71.06746274831549
dca85e42-59fd-43ac-8ad4-cc3b563e44d6,2023-06-15T06:34:10.407858,TPMS_NEW_200_NODE,Test Sensor Model,Test Car Model,Downtown Boston,42.35157378267422,-71.0572408547306
800eb61c-28b6-4e70-bc11-926cec2ae160,2023-06-15T06:31:30.655367,TPMS_NEW_200_NODE,Test Sensor Model,Test Car Model,Downtown Boston,42.362560724559444,-71.06248929543156
69eff1f4-110d-4c33-adb0-2ea903c1b0d4,2023-06-15T06:10:34.018399,TPMS_NEW_200_NODE,Test Sensor Model,Test Car Model,Downtown Boston,42.36134776354531,-71.06031477753386
550e2156-1148-4c35-91c8-e778b627d481,2023-06-15T06:51:07.794734,TPMS_NEW_200_NODE,Test Sensor Model,Test Car Model,Downtown Boston,42.35131500898371,-71.06256732053475
369e0855-e330-4117-891e-038178d31661,2023-06-15T06:57:53.640090,TPMS_NEW_200_NODE,Test Sensor Model,Test Car Model,Downtown Boston,42.361889854457914,-71.05257860635797
14de883c-92f1-41d5-a781-e59096426d56,2023-06-15T06:30:56.499669,TPMS_NEW_200_NODE,Test Sensor Model,Test Car Model,Downtown Boston,42.359726335497264,-71.0616948541181
4be3b3b4-c61a-4279-bcdb-f4fc05e102e9,2023-06-15T06:13:46.012405,TPMS_NEW_200_NODE,Test Sensor Model,Test Car Model,Downtown Boston,42.35360097741458,-71.05153857230324
c9b53df7-da49-4891-9cdc-1d70979ac4ae,2023-06-15T06:18:19.923614,TPMS_NEW_200_NODE,Test Sensor Model,Test Car Model,Downtown Boston,42.36946720363141,-71.0685431723559
3e26d018-5587-43f6-887c-b3732aff5046,2023-06-15T06:39:45.648851,TPMS_NEW_200_NODE,Test Sensor Model,Test Car Model,Downtown Boston,42.36315282856042,-71.05530443010097
4feac6a9-0ed5-4e95-a1a8-e6c8af8d60f5,2023-06-15T06:36:03.033030,TPMS_NEW_200_NODE,Test Sensor Model,Test Car Model,Downtown Boston,42.36420700835239,-71.05546125749629
e77c828c-6bda-4492-a2df-e4d773b19eb7,2023-06-15T06:21:13.178259,TPMS_NEW_200_NODE,Test Sensor Model,Test Car Model,Downtown Boston,42.353900558742204,-71.0550740577395
16f0592e-027c-4e77-b94d-ffcbfeb12cd3,2023-06-15T06:28:25.830636,TPMS_NEW_200_NODE,Test Sensor Model,Test Car Model,Downtown Boston,42.36245108450298,-71.05448506774222
d0f09aa0-b337-4209-8737-e8f12e8dd056,2023-06-15T06:15:52.795621,TPMS_NEW_200_NODE,Test Sensor Model,Test Car Model,Downtown Boston,42.35583774785293,-71.06826928449446
a200c043-c3e9-47b1-bf5f-793f95616b70,2023-06-15T06:16:14.320579,TPMS_NEW_200_NODE,Test Sensor Model,Test Car Model,Downtown Boston,42.3679793307593,-71.06203983440632
5edef99f-1ec6-4c16-bf48-dbd56ca30b15,2023-06-15T06:08:25.273592,TPMS_NEW_200_NODE,Test Sensor Model,Test Car Model,Downtown Boston,42.36575547986771,-71.06304979297525
272f08f2-bc70-4f86-84d1-e4356f476e5b,2023-06-15T06:46:19.511071,TPMS_NEW_200_NODE,Test Sensor Model,Test Car Model,Downtown Boston,42.364852692124146,-71.05821117381825
897aabb9-7a27-49e3-b3b5-adecf51f8d67,2023-06-15T06:06:03.553971,TPMS_NEW_200_NODE,Test Sensor Model,Test Car Model,Downtown Boston,42.36755148854443,-71.05477162742338
b2dcfc87-0803-4d43-af6f-1b275ee68388,2023-06-15T06:46:02.545973,TPMS_NEW_200_NODE,Test Sensor Model,Test Car Model,Downtown Boston,42.356305295203974,-71.06563638967249
35f32246-dd9b-4eff-9b63-b0f19378666c,2023-06-15T06:32:37.672913,TPMS_NEW_200_NODE,Test Sensor Model,Test Car Model,Downtown Boston,42.35667826652695,-71.06317775268501
f89744b2-2d05-4c74-b579-5b7c8c34dfbc,2023-06-15T06:18:03.548367,TPMS_NEW_200_NODE,Test Sensor Model,Test Car Model,Downtown Boston,42.35849825643993,-71.05686005357126
debf3c71-7942-4951-88f2-c3cb2330ea3e,2023-06-15T06:44:12.139060,TPMS_NEW_200_NODE,Test Sensor Model,Test Car Model,Downtown Boston,42.35835478886516,-71.05183950024238
d2d0bf31-26a5-48bb-ab90-025794a380d6,2023-06-15T06:37:49.269895,TPMS_NEW_200_NODE,Test Sensor Model,Test Car Model,Downtown Boston,42.365238044379616,-71.05060275459503
c4e46b5a-0dc8-4069-a310-bc61cd589766,2023-06-15T06:12:57.680063,TPMS_NEW_200_NODE,Test Sensor Model,Test Car Model,Downtown Boston,42.3552541792091,-71.05392429598632
0e8df389-bd57-44f8-90ce-485a89e544b1,2023-06-15T06:43:26.766740,TPMS_NEW_200_NODE,Test Sensor Model,Test Car Model,Downtown Boston,42.35747886049459,-71.0577335649856
b7544887-7b93-4621-a609-59785c935486,2023-06-15T06:13:38.413898,TPMS_NEW_200_NODE,Test Sensor Model,Test Car Model,Downtown Boston,42.36871368232453,-71.0598867003869
bb85c579-5ddc-4a21-ba3d-ed19fa1565a7,2023-06-15T06:17:07.283815,TPMS_NEW_200_NODE,Test Sensor Model,Test Car Model,Downtown Boston,42.35127016211085,-71.05438904542211
6e339785-3c27-42aa-a4df-3507da78a913,2023-06-15T06:19:29.529909,TPMS_NEW_200_NODE,Test Sensor Model,Test Car Model,Downtown Boston,42.35131017006253,-71.05717612471392
0f732923-4aed-4597-9aa7-900faa618f5a,2023-06-15T06:38:39.401964,TPMS_NEW_200_NODE,Test Sensor Model,Test Car Model,Downtown Boston,42.36223816754844,-71.06636673955751
2181d0b9-bd50-4f69-93fa-f7d3b58bfa87,2023-06-15T06:37:50.961362,TPMS_NEW_200_NODE,Test Sensor Model,Test Car Model,Downtown Boston,42.36268505606624,-71.06682972133878
3500f5e7-f579-4d91-b713-7451a56498cc,2023-06-15T06:47:58.723059,TPMS_NEW_200_NODE,Test Sensor Model,Test Car Model,Downtown Boston,42.36478953140413,-71.05792670390484
5734375f-a819-479a-991e-61b6708b0cb3,2023-06-15T06:19:30.083227,TPMS_NEW_200_NODE,Test Sensor Model,Test Car Model,Downtown Boston,42.36456820894526,-71.05945817359445
86222a91-f146-4b79-a33b-076079855366,2023-06-15T06:39:06.029277,TPMS_NEW_200_NODE,Test Sensor Model,Test Car Model,Downtown Boston,42.36932651071734,-71.04980682396783
eece988e-7c70-4988-b354-f49fb153d54d,2023-06-15T06:16:15.140033,TPMS_NEW_200_NODE,Test Sensor Model,Test Car Model,Downtown Boston,42.358691676242934,-71.06865112923303
2f19110c-5d40-499f-85a6-d04b6333671b,2023-06-15T06:47:42.690766,TPMS_NEW_200_NODE,Test Sensor Model,Test Car Model,Downtown Boston,42.3531342599633,-71.05075941481228
a7e25292-9328-4e2f-b924-44fec7cd7c41,2023-06-15T06:35:58.803900,TPMS_NEW_200_NODE,Test Sensor Model,Test Car Model,Downtown Boston,42.351927137965085,-71.05162399670358
788a9f8b-11b5-4209-a4b6-1d9bcb71adaf,2023-06-15T06:12:15.085223,TPMS_NEW_200_NODE,Test Sensor Model,Test Car Model,Downtown Boston,42.358601265792956,-71.06733629093382
187da696-6786-467a-baa1-a9a915dc82f2,2023-06-15T06:39:08.563249,TPMS_NEW_200_NODE,Test Sensor Model,Test Car Model,Downtown Boston,42.36168522895901,-71.05268722296285
bd1dc8b9-2fe7-4d0b-abf9-81868a215a96,2023-06-15T06:09:21.616061,TPMS_NEW_200_NODE,Test Sensor Model,Test Car Model,Downtown Boston,42.363922339492895,-71.05910677868599
c9abb5f3-cbce-437e-a6c6-84660a8fc36b,2023-06-15T06:57:19.626047,TPMS_NEW_200_NODE,Test Sensor Model,Test Car Model,Downtown Boston,42.35914613806866,-71.06767053048672
80651baf-3103-4068-9cbf-43647609e185,2023-06-15T06:16:23.331350,TPMS_NEW_200_NODE,Test Sensor Model,Test Car Model,Downtown Boston,42.356508183326945,-71.06389222586452
2ad64e57-4134-46ee-acdb-2b2f36396161,2023-06-15T06:27:11.428099,TPMS_NEW_200_NODE,Test Sensor Model,Test Car Model,Downtown Boston,42.35639490301594,-71.06327219492417
a7392612-c0a6-4b5e-b9f4-068fe0ec2161,2023-06-15T06:53:39.206089,TPMS_NEW_200_NODE,Test Sensor Model,Test Car Model,Downtown Boston,42.362983729587576,-71.05734911590174
200f0e53-b1ea-43cf-85b7-981fa669c754,2023-06-15T06:55:01.995997,TPMS_NEW_200_NODE,Test Sensor Model,Test Car Model,Downtown Boston,42.35513800106454,-71.06277917117431
11608d2d-2ecf-49c4-a94f-09ac8fb03875,2023-06-15T06:40:32.531168,TPMS_NEW_200_NODE,Test Sensor Model,Test Car Model,Downtown Boston,42.366610959228076,-71.05417185449575
619034be-ec54-47f9-84e9-4a52ee353fea,2023-06-15T06:20:47.633268,TPMS_NEW_200_NODE,Test Sensor Model,Test Car Model,Downtown Boston,42.351080415815865,-71.05217917547618
c61e76ac-050e-42d1-9518-5b09986fe672,2023-06-15T06:28:09.592867,TPMS_NEW_200_NODE,Test Sensor Model,Test Car Model,Downtown Boston,42.35838641043696,-71.0531469112468
b136272a-db14-4838-9d32-569bc9082184,2023-06-15T06:42:37.467734,TPMS_NEW_200_NODE,Test Sensor Model,Test Car Model,Downtown Boston,42.367457559192495,-71.050894393469
daf5ff67-d002-430e-b85c-7d9507c601a8,2023-06-15T06:11:04.003703,TPMS_NEW_200_NODE,Test Sensor Model,Test Car Model,Downtown Boston,42.35310324483541,-71.0642265529719
ad031023-362b-4b47-8819-b1a049937c29,2023-06-15T06:10:29.070012,TPMS_NEW_200_NODE,Test Sensor Model,Test Car Model,Downtown Boston,42.35815484059843,-71.05777177938297
ffc8b2bf-0b16-44c0-b3ad-8a40ae0c5b80,2023-06-15T06:21:55.391210,TPMS_NEW_200_NODE,Test Sensor Model,Test Car Model,Downtown Boston,42.35775211752874,-71.06513947380876
e0dd61c6-3f68-4207-9bee-97ca9268de32,2023-06-15T06:59:37.861798,TPMS_NEW_200_NODE,Test Sensor Model,Test Car Model,Downtown Boston,42.364442498952904,-71.04992334291688
5c43396c-f105-4240-89e0-4525a9b1dd56,2023-06-15T06:04:39.031331,TPMS_NEW_200_NODE,Test Sensor Model,Test Car Model,Downtown Boston,42.36644758558076,-71.06182215043737
c2524d44-fa18-4f90-9aa7-c1e878c7189b,2023-06-15T06:09:15.996185,TPMS_NEW_200_NODE,Test Sensor Model,Test Car Model,Downtown Boston,42.35288483208979,-71.06121518791086
61d2c433-108c-4487-bc3c-1265b53f9453,2023-06-15T06:27:01.288318,TPMS_NEW_200_NODE,Test Sensor Model,Test Car Model,Downtown Boston,42.36500347167948,-71.0591532806919
3f708d06-af02-419f-9dc6-66090c047f0c,2023-06-15T06:09:49.099650,TPMS_NEW_200_NODE,Test Sensor Model,Test Car Model,Downtown Boston,42.3620371202279,-71.06404805031353
c2d227ce-6062-42eb-a0f0-4fd73c3fd17a,2023-06-15T06:53:10.567554,TPMS_NEW_200_NODE,Test Sensor Model,Test Car Model,Downtown Boston,42.35201966296703,-71.06057476328677
0cd1483d-64f6-4cc5-b669-4c71579eab40,2023-06-15T06:20:30.192203,TPMS_NEW_200_NODE,Test Sensor Model,Test Car Model,Downtown Boston,42.36328116640098,-71.05486797623746
679841a9-5f14-4973-9354-970eb02ba188,2023-06-15T06:58:49.756942,TPMS_NEW_200_NODE,Test Sensor Model,Test Car Model,Downtown Boston,42.353338706692355,-71.05156638845789
df21b4f4-54d6-416b-9a71-9568067530be,2023-06-15T06:22:49.611990,TPMS_NEW_200_NODE,Test Sensor Model,Test Car Model,Downtown Boston,42.35163421037791,-71.0621660392747
1bd458cf-46a4-4090-aaa7-b7be7fea148e,2023-06-15T06:21:31.290401,TPMS_NEW_200_NODE,Test Sensor Model,Test Car Model,Downtown Boston,42.35675335299194,-71.05139150510993
7265c757-15f3-46ef-8b2a-e3a2d153ddaa,2023-06-15T06:28:22.838527,TPMS_NEW_200_NODE,Test Sensor Model,Test Car Model,Downtown Boston,42.35453590748322,-71.05357677726509
6944ab0f-1940-4856-aa11-355a4f371996,2023-06-15T06:58:25.174445,TPMS_NEW_200_NODE,Test Sensor Model,Test Car Model,Downtown Boston,42.355465846176386,-71.05979360253767
813120c1-9479-4dc9-b436-3e76806c9bad,2023-06-15T06:38:23.632086,TPMS_NEW_200_NODE,Test Sensor Model,Test Car Model,Downtown Boston,42.35383789341051,-71.060098431528
1ae2b8ca-e3b6-49f5-af08-e3eea4a0b116,2023-06-15T06:37:52.217590,TPMS_NEW_200_NODE,Test Sensor Model,Test Car Model,Downtown Boston,42.35610019273753,-71.06783370561367
20ec4dd0-c569-431a-9970-9ca937db84e5,2023-06-15T06:10:48.453874,TPMS_NEW_200_NODE,Test Sensor Model,Test Car Model,Downtown Boston,42.36257803650756,-71.05925744745534
15a19f46-b09c-4995-98e1-cc86e51f038f,2023-06-15T06:06:04.069324,TPMS_NEW_200_NODE,Test Sensor Model,Test Car Model,Downtown Boston,42.35950806066352,-71.05365370825504
f7e53510-99dc-4eca-b9b1-f944626aa0de,2023-06-15T06:24:21.564780,TPMS_NEW_200_NODE,Test Sensor Model,Test Car Model,Downtown Boston,42.36038268307254,-71.05060050152383
f565ef37-b4bd-4051-bf89-1f8bb833137b,2023-06-15T06:43:01.053079,TPMS_NEW_200_NODE,Test Sensor Model,Test Car Model,Downtown Boston,42.36980476207147,-71.05508396102023
38777f26-c06b-4166-87bd-1199c9fc620a,2023-06-15T06:38:10.341982,TPMS_NEW_200_NODE,Test Sensor Model,Test Car Model,Downtown Boston,42.355138220058116,-71.06181135021849
c7ae97ec-6c12-4a3c-996d-0dacb7b50098,2023-06-15T06:30:07.975538,TPMS_NEW_200_NODE,Test Sensor Model,Test Car Model,Downtown Boston,42.35291233863348,-71.05760464178972
8568292a-41a9-47b2-b5b4-94b28fdeb533,2023-06-15T06:37:07.015522,TPMS_NEW_200_NODE,Test Sensor Model,Test Car Model,Downtown Boston,42.353239088635114,-71.05056558403378
342bab7b-4c5c-4daa-b69f-4d6ceec6a087,2023-06-15T06:25:43.943987,TPMS_NEW_200_NODE,Test Sensor Model,Test Car Model,Downtown Boston,42.36289454210267,-71.06137627272312
e32c9172-94be-4284-aa5f-c2bbad55d83b,2023-06-15T06:16:45.149316,TPMS_NEW_200_NODE,Test Sensor Model,Test Car Model,Downtown Boston,42.35647370872825,-71.0670897141818
e8dade4f-2423-4eb7-bc28-9a92f1ee219a,2023-06-15T06:00:11.390232,TPMS_NEW_200_NODE,Test Sensor Model,Test Car Model,Downtown Boston,42.353121686933136,-71.06773564185431
9e0e02e3-00a6-43fe-bb31-39c3a575e9db,2023-06-15T06:36:38.499358,TPMS_NEW_200_NODE,Test Sensor Model,Test Car Model,Downtown Boston,42.36151118041484,-71.05421823614134
3807bbd0-4869-4333-801f-668cc906aa56,2023-06-15T06:44:48.148121,TPMS_NEW_200_NODE,Test Sensor Model,Test Car Model,Downtown Boston,42.36233003939225,-71.0595495153925
3275afcb-f4a0-4e32-96a8-3e7d69eca50e,2023-06-15T06:27:23.210662,TPMS_NEW_200_NODE,Test Sensor Model,Test Car Model,Downtown Boston,42.35711893908791,-71.059202198101
40eab863-8e8a-4efe-a10a-48e5bc1ce149,2023-06-15T06:53:47.827147,TPMS_NEW_200_NODE,Test Sensor Model,Test Car Model,Downtown Boston,42.35406560896408,-71.06820934416788
01728f31-2e74-4fa6-9e19-b774c9d44513,2023-06-15T06:19:03.484736,TPMS_NEW_200_NODE,Test Sensor Model,Test Car Model,Downtown Boston,42.36723181176455,-71.05857989775292
b4cc82f4-70f1-455c-bbc6-44d9184ea367,2023-06-15T06:23:30.620942,TPMS_NEW_200_NODE,Test Sensor Model,Test Car Model,Downtown Boston,42.351901983594956,-71.06197350532321
4d5da684-3566-4c40-bacd-bd0b6059933b,2023-06-15T06:09:23.914421,TPMS_NEW_200_NODE,Test Sensor Model,Test Car Model,Downtown Boston,42.35962682989924,-71.05086047512788
44f52338-57ea-4e94-adc0-dbebe86df332,2023-06-15T06:36:19.656759,TPMS_NEW_200_NODE,Test Sensor Model,Test Car Model,Downtown Boston,42.36223271241574,-71.05552152918217
fb9a9e56-d762-49c8-8f69-b0f0c3ff7b8b,2023-06-15T06:53:46.827781,TPMS_NEW_200_NODE,Test Sensor Model,Test Car Model,Downtown Boston,42.354802696498986,-71.05586539380546
047a8aec-dcaf-417e-af5a-7eeb0a157b5d,2023-06-15T06:27:59.380793,TPMS_NEW_200_NODE,Test Sensor Model,Test Car Model,Downtown Boston,42.35976727404991,-71.05600560183252
d5bc2627-02d7-4dda-952a-ef1489987389,2023-06-15T06:53:38.111598,TPMS_NEW_200_NODE,Test Sensor Model,Test Car Model,Downtown Boston,42.35362966580433,-71.0576048391982
1e2c9212-56c5-4131-8f47-027885302df4,2023-06-15T06:35:45.294170,TPMS_NEW_200_NODE,Test Sensor Model,Test Car Model,Downtown Boston,42.3508968195976,-71.05136628388611
cd8364e0-b3bb-479d-abb9-c5ae05e296c2,2023-06-15T06:09:10.740541,TPMS_NEW_200_NODE,Test Sensor Model,Test Car Model,Downtown Boston,42.36437719207965,-71.05185903451888
b693d962-0bf5-4585-8e0c-ba4df347972a,2023-06-15T06:24:39.036210,TPMS_NEW_200_NODE,Test Sensor Model,Test Car Model,Downtown Boston,42.36196221627568,-71.0597503428569
3e36b6e0-4ec5-4f30-b8d6-7b0bc42ac28a,2023-06-15T06:08:46.140930,TPMS_NEW_200_NODE,Test Sensor Model,Test Car Model,Downtown Boston,42.36026627731962,-71.0605403518816
7ea6fba3-7e3a-4eaf-bf0f-b41f47a2484a,2023-06-15T06:02:31.169189,TPMS_NEW_200_NODE,Test Sensor Model,Test Car Model,Downtown Boston,42.36869019405164,-71.05948205479957
07f30530-ceaf-49a7-b036-860eaf60084f,2023-06-15T06:23:30.010392,TPMS_NEW_200_NODE,Test Sensor Model,Test Car Model,Downtown Boston,42.357336387569596,-71.05567166827962
a54e3ae9-73c5-4adf-8f9a-587c1acd2817,2023-06-15T06:11:48.161866,TPMS_NEW_200_NODE,Test Sensor Model,Test Car Model,Downtown Boston,42.36046926493721,-71.0563594863908
819cf7d5-f3a6-4694-8b95-869dcb184067,2023-06-15T06:16:32.925436,TPMS_NEW_200_NODE,Test Sensor Model,Test Car Model,Downtown Boston,42.36028912811087,-71.06103957135824
bf12fa66-d175-4674-8743-edf60399d9ec,2023-06-15T06:40:38.159292,TPMS_NEW_200_NODE,Test Sensor Model,Test Car Model,Downtown Boston,42.36470042926622,-71.05168558165245
00c7642d-3995-4df7-8cf6-f69898baea92,2023-06-15T06:55:25.185383,TPMS_NEW_200_NODE,Test Sensor Model,Test Car Model,Downtown Boston,42.351051195184574,-71.06401314992623
2d781c46-a73c-4553-82c0-cb5a3fc63bab,2023-06-15T06:00:38.841628,TPMS_NEW_200_NODE,Test Sensor Model,Test Car Model,Downtown Boston,42.35655979359772,-71.05524254433783
08459a3f-739e-4455-b90d-e172bd509256,2023-06-15T06:39:22.854320,TPMS_NEW_200_NODE,Test Sensor Model,Test Car Model,Downtown Boston,42.3546407409327,-71.05357502349226
811dadb9-ed57-437a-a474-8bed315376c0,2023-06-15T06:39:32.946093,TPMS_NEW_200_NODE,Test Sensor Model,Test Car Model,Downtown Boston,42.35909438989524,-71.05161145492204
eacbd2d4-a644-4e16-95bd-11d99ac7e234,2023-06-15T06:13:45.216042,TPMS_NEW_200_NODE,Test Sensor Model,Test Car Model,Downtown Boston,42.354930415379876,-71.0643473818696
b485bae9-a46a-4123-acfa-93bdac02277b,2023-06-15T06:29:21.323018,TPMS_NEW_200_NODE,Test Sensor Model,Test Car Model,Downtown Boston,42.361139412275,-71.05454110035076
025f033f-7f4a-4240-bd82-2e4997a78428,2023-06-15T06:26:58.347832,TPMS_NEW_200_NODE,Test Sensor Model,Test Car Model,Downtown Boston,42.351219326271945,-71.06887072767037
86fe7056-b29a-4ce6-b7b8-ae8731d72a8e,2023-06-15T06:28:32.375746,TPMS_NEW_200_NODE,Test Sensor Model,Test Car Model,Downtown Boston,42.36378576260715,-71.05022638929088
b818f933-135b-4e19-9de7-d9c490709f1b,2023-06-15T06:33:52.367800,TPMS_NEW_200_NODE,Test Sensor Model,Test Car Model,Downtown Boston,42.35243841153974,-71.06221960210017
4707559c-29f5-4589-aa0d-0390d4c695d6,2023-06-15T06:30:51.170308,TPMS_NEW_200_NODE,Test Sensor Model,Test Car Model,Downtown Boston,42.352776665121134,-71.06447206342305
ef60ccdd-8060-4f15-90fb-ebc0130366f7,2023-06-15T06:25:22.187384,TPMS_NEW_200_NODE,Test Sensor Model,Test Car Model,Downtown Boston,42.36522295964291,-71.06002491438066
0d440248-3964-4e52-860d-95b3a83e60fd,2023-06-15T06:06:25.812778,TPMS_NEW_200_NODE,Test Sensor Model,Test Car Model,Downtown Boston,42.3585378152068,-71.05734071380745
1727d0d3-be08-447e-9d6c-6cb9ef96adb4,2023-06-15T06:55:44.944934,TPMS_NEW_200_NODE,Test Sensor Model,Test Car Model,Downtown Boston,42.36171696315173,-71.06172466219837
b903ffdc-a3f9-403e-88b0-80326ae30a68,2023-06-15T06:35:07.048824,TPMS_NEW_200_NODE,Test Sensor Model,Test Car Model,Downtown Boston,42.356622874607815,-71.05689415057246
ada5d36e-b0c4-4a63-8a24-2360c8981842,2023-06-15T06:58:44.115070,TPMS_NEW_200_NODE,Test Sensor Model,Test Car Model,Downtown Boston,42.35249276091203,-71.06546537193026
5ec872aa-93a3-4a8e-96e6-464be54adfd5,2023-06-15T06:57:36.750320,TPMS_NEW_200_NODE,Test Sensor Model,Test Car Model,Downtown Boston,42.36077521188928,-71.0593787891098
418afff0-7027-4002-829f-15bd7b415610,2023-06-15T06:49:18.058043,TPMS_NEW_200_NODE,Test Sensor Model,Test Car Model,Downtown Boston,42.35270835908409,-71.05975103501022
af7311fa-5e8c-41b6-8aa4-5d590563fd0b,2023-06-15T06:33:23.242936,TPMS_NEW_200_NODE,Test Sensor Model,Test Car Model,Downtown Boston,42.36905921594105,-71.05217489704252
c0024e12-94ae-4f63-b491-32024bf8c8d1,2023-06-15T06:00:10.473102,TPMS_NEW_200_NODE,Test Sensor Model,Test Car Model,Downtown Boston,42.35152819626012,-71.06436631222994
bf01b90d-e9c1-4cbe-9f47-f06ff3c10c26,2023-06-15T06:59:30.601388,TPMS_NEW_200_NODE,Test Sensor Model,Test Car Model,Downtown Boston,42.35464952165321,-71.06541074076088
0d0f243c-dd4b-4246-8a80-e5bcd8dc3786,2023-06-15T06:42:03.259860,TPMS_NEW_200_NODE,Test Sensor Model,Test Car Model,Downtown Boston,42.361861639795485,-71.0626172261009
1789ba5b-39ac-48ab-8ee4-e8c24474191b,2023-06-15T06:08:03.152407,TPMS_NEW_200_NODE,Test Sensor Model,Test Car Model,Downtown Boston,42.364840067679125,-71.05281121401403
79d995d1-5d47-4ef0-97ef-4f366871d76d,2023-06-15T06:51:53.148111,TPMS_NEW_200_NODE,Test Sensor Model,Test Car Model,Downtown Boston,42.368844477460584,-71.06385721873346
166f68ee-0cc4-46df-b071-8949c2e1afb4,2023-06-15T06:38:59.380202,TPMS_NEW_200_NODE,Test Sensor Model,Test Car Model,Downtown Boston,42.36546483626509,-71.05764859410382
ca73d194-168a-4bfe-85bc-55148321521e,2023-06-15T06:08:51.670846,TPMS_NEW_200_NODE,Test Sensor Model,Test Car Model,Downtown Boston,42.36345213981036,-71.05792022142882
be9524be-4002-491d-a5b1-29277099e82b,2023-06-15T06:24:33.357652,TPMS_NEW_200_NODE,Test Sensor Model,Test Car Model,Downtown Boston,42.36115181033304,-71.0492162640844
322445b8-2ac6-40ca-b4b9-4755d6372d19,2023-06-15T06:04:59.254952,TPMS_NEW_200_NODE,Test Sensor Model,Test Car Model,Downtown Boston,42.37008922315834,-71.05014676290683
d4c04fcd-6c3b-4b03-aa86-4d685b4699e5,2023-06-15T06:27:59.876758,TPMS_NEW_200_NODE,Test Sensor Model,Test Car Model,Downtown Boston,42.35310171032389,-71.06671672034243
2d74973c-8705-4045-9dcc-7597b0bc5129,2023-06-15T06:50:06.542161,TPMS_NEW_200_NODE,Test Sensor Model,Test Car Model,Downtown Boston,42.359531210955424,-71.0515774778768
e41c26bb-6690-4bf2-8cdb-fb53bc1a0458,2023-06-15T06:01:53.876726,TPMS_NEW_200_NODE,Test Sensor Model,Test Car Model,Downtown Boston,42.36378294772475,-71.06622896169955
60949bf5-2f25-4cbf-81e1-ce06565df8f3,2023-06-15T06:45:57.897929,TPMS_NEW_200_NODE,Test Sensor Model,Test Car Model,Downtown Boston,42.36626292437255,-71.05935051168322
2b6991c9-1bee-41c4-814a-587b21d59c3b,2023-06-15T06:14:05.038136,TPMS_NEW_200_NODE,Test Sensor Model,Test Car Model,Downtown Boston,42.35517212668706,-71.06263281931672
23735e1d-368d-4c0e-a35e-32287e1d3f2d,2023-06-15T06:32:57.441395,TPMS_NEW_200_NODE,Test Sensor Model,Test Car Model,Downtown Boston,42.35096737911842,-71.0616483061695
bbea2cbc-8172-4522-b233-e38b5498d47d,2023-06-15T06:38:09.191452,TPMS_NEW_200_NODE,Test Sensor Model,Test Car Model,Downtown Boston,42.36397598238245,-71.0541314222436
28364cef-9ef6-49ad-8683-0f7f58b1815a,2023-06-15T06:40:25.852339,TPMS_NEW_200_NODE,Test Sensor Model,Test Car Model,Downtown Boston,42.36830245866112,-71.05335587797543
